City_ID,City,Country,Date,Lat,Lng,Max Temp,Humidity,Cloudiness,Wind Speed
0,Lata,PT,2022-04-24 23:15:37,40.1629,-8.3327,52.07,95,76,1.14
1,Victoria,HK,2022-04-24 23:09:43,22.2855,114.1577,81.32,86,12,8.01
2,Punta Arenas,CL,2022-04-24 23:08:22,-53.15,-70.9167,41.11,93,100,6.91
3,Albany,US,2022-04-24 23:08:44,42.6001,-73.9662,66.72,33,49,4.0
4,Saskylakh,RU,2022-04-24 23:09:25,71.9167,114.0833,0.7,100,96,1.5
5,Rikitea,PF,2022-04-24 23:09:24,-23.1203,-134.9692,73.02,89,100,16.44
6,Laguna De Perlas,NI,2022-04-24 23:15:38,12.3429,-83.6712,81.68,72,5,7.78
7,Wajir,KE,2022-04-24 23:15:38,1.7471,40.0573,80.6,66,63,9.44
8,Port-Cartier,CA,2022-04-24 23:15:39,50.0334,-66.8654,39.74,89,72,2.08
9,Kruisfontein,ZA,2022-04-24 23:10:56,-34.0033,24.7314,54.88,72,99,3.58
10,Saint Austell,GB,2022-04-24 23:15:39,50.3383,-4.7658,54.01,76,99,6.91
11,Media Luna,CU,2022-04-24 23:15:39,20.1419,-77.435,74.77,85,100,9.37
12,Longyearbyen,SJ,2022-04-24 23:09:22,78.2186,15.6401,6.64,66,75,11.5
13,Moranbah,AU,2022-04-24 23:15:40,-22.0016,148.0466,67.68,75,100,22.21
14,Kalachinsk,RU,2022-04-24 23:15:40,55.0529,74.5751,33.37,58,23,6.8
15,Atuona,PF,2022-04-24 23:09:32,-9.8,-139.0333,79.39,74,15,17.69
16,Ushuaia,AR,2022-04-24 23:09:27,-54.8,-68.3,38.86,70,0,5.75
17,Dunedin,NZ,2022-04-24 23:12:05,-45.8742,170.5036,59.61,64,77,15.77
18,Arlit,NE,2022-04-24 23:15:41,18.7369,7.3853,86.29,11,1,7.67
19,Xiaoshi,CN,2022-04-24 23:15:42,41.2971,124.1209,57.42,91,89,6.4
20,Hermanus,ZA,2022-04-24 23:10:40,-34.4187,19.2345,58.91,75,82,4.88
21,Basco,PH,2022-04-24 23:15:42,20.4487,121.9702,81.81,83,11,18.25
22,Savannah Bight,HN,2022-04-24 23:15:42,16.45,-85.85,81.77,74,0,18.01
23,Ahipara,NZ,2022-04-24 23:12:19,-35.1667,173.1667,65.35,72,96,11.95
24,Vila Velha,BR,2022-04-24 23:15:43,-20.3297,-40.2925,78.75,83,40,10.36
25,Mawlaik,MM,2022-04-24 23:15:43,23.6333,94.4167,72.73,60,1,1.66
26,Linxia,CN,2022-04-24 23:15:44,35.6003,103.2064,50.68,64,67,3.31
27,Ponta Do Sol,PT,2022-04-24 23:13:16,32.6667,-17.1,65.01,86,95,7.99
28,Marawi,PH,2022-04-24 23:15:44,7.9986,124.2928,72.12,88,81,1.28
29,Kharsawan,IN,2022-04-24 23:15:45,22.8,85.8333,83.73,17,24,3.62
30,Wattegama,LK,2022-04-24 23:15:45,6.7989,81.4808,74.61,95,46,2.44
31,Port Alfred,ZA,2022-04-24 23:10:47,-33.5906,26.891,57.18,85,98,4.0
32,Qaanaaq,GL,2022-04-24 23:09:38,77.484,-69.3632,3.36,71,82,5.64
33,Mount Isa,AU,2022-04-24 23:15:46,-20.7333,139.5,67.77,100,100,6.91
34,Micheweni,TZ,2022-04-24 23:15:46,-4.9667,39.8333,78.69,85,92,5.1
35,Kaele,CM,2022-04-24 23:15:47,10.1092,14.4508,91.18,32,98,5.17
36,Busselton,AU,2022-04-24 23:11:59,-33.65,115.3333,66.38,52,99,12.06
37,Port Augusta,AU,2022-04-24 23:14:46,-32.5,137.7667,68.47,56,100,11.59
38,Mayo,US,2022-04-24 23:15:47,38.8876,-76.5119,75.25,62,0,11.5
39,Wenling,CN,2022-04-24 23:15:48,28.3669,121.36,66.79,94,100,5.53
40,Oksfjord,NO,2022-04-24 23:15:48,70.2396,22.3479,35.67,97,100,2.19
41,Hof,DE,2022-04-24 23:15:48,50.3167,11.9167,43.48,89,75,10.0
42,Klaksvik,FO,2022-04-24 23:13:18,62.2266,-6.589,40.12,83,100,16.33
43,Esperance,AU,2022-04-24 23:15:28,-33.8667,121.9,55.24,88,31,10.0
44,Natal,BR,2022-04-24 23:15:49,-5.795,-35.2094,77.65,94,20,3.44
45,Bubaque,GW,2022-04-24 23:15:20,11.2833,-15.8333,77.61,74,76,16.4
46,Vaini,TO,2022-04-24 23:10:41,-21.2,-175.2,82.56,69,75,8.05
47,Comodoro Rivadavia,AR,2022-04-24 23:15:20,-45.8667,-67.5,51.66,54,40,20.71
48,Lebu,CL,2022-04-24 23:10:51,-37.6167,-73.65,52.0,77,69,9.1
49,Lixourion,GR,2022-04-24 23:16:50,38.2019,20.4314,60.21,72,59,3.69
50,Saint-Philippe,RE,2022-04-24 23:06:40,-21.3585,55.7679,74.79,79,90,14.03
51,Hilo,US,2022-04-24 23:08:48,19.7297,-155.09,79.25,73,75,9.22
52,Kodiak,US,2022-04-24 23:13:16,57.79,-152.4072,51.31,54,20,13.8
53,Ipixuna,BR,2022-04-24 23:16:51,-1.7625,-48.8043,73.36,98,100,1.39
54,Acapulco,MX,2022-04-24 23:14:51,16.8634,-99.8901,84.02,70,40,9.22
55,Bethel,US,2022-04-24 23:10:53,41.3712,-73.414,58.03,56,0,11.5
56,Maumere,ID,2022-04-24 23:16:52,-8.6199,122.2111,80.58,76,35,4.97
57,Kandana,LK,2022-04-24 23:16:52,7.048,79.8937,78.85,86,63,5.08
58,New Norfolk,AU,2022-04-24 23:10:46,-42.7826,147.0587,54.91,87,85,2.26
59,Narsaq,GL,2022-04-24 23:16:53,60.9167,-46.05,43.02,88,100,3.15
60,Talaya,RU,2022-04-24 23:16:54,61.3833,152.75,22.12,83,95,7.56
61,Cape Town,ZA,2022-04-24 23:10:49,-33.9258,18.4232,58.12,80,75,10.36
62,Jalingo,NG,2022-04-24 23:16:54,8.8833,11.3667,85.21,57,57,7.54
63,East London,ZA,2022-04-24 23:12:01,-33.0153,27.9116,62.15,71,88,13.09
64,Woodward,US,2022-04-24 23:16:55,36.4337,-99.3904,73.96,26,0,13.8
65,Pisco,PE,2022-04-24 23:15:21,-13.7,-76.2167,69.85,73,0,16.11
66,Magpet,PH,2022-04-24 23:16:55,7.1119,125.1133,77.54,86,66,0.94
67,Bredasdorp,ZA,2022-04-24 23:13:33,-34.5322,20.0403,57.61,73,78,5.55
68,Khatanga,RU,2022-04-24 23:13:34,71.9667,102.5,-5.42,100,100,5.14
69,Bluff,NZ,2022-04-24 23:10:52,-46.6,168.3333,55.8,80,91,29.64
70,Lichinga,MZ,2022-04-24 23:16:56,-13.3128,35.2406,59.92,96,47,2.39
71,Port Lincoln,AU,2022-04-24 23:16:57,-34.7333,135.8667,64.92,79,100,11.92
72,Te Anau,NZ,2022-04-24 23:13:21,-45.4167,167.7167,55.53,71,31,1.77
73,Hamilton,US,2022-04-24 23:14:33,39.1834,-84.5333,81.23,42,0,17.27
74,Cravo Norte,CO,2022-04-24 23:16:57,6.3017,-70.2041,89.78,42,67,3.76
75,Bengkulu,ID,2022-04-24 23:16:58,-3.8004,102.2655,75.42,89,100,4.14
76,Airai,TL,2022-04-24 23:13:32,-8.9266,125.4092,63.46,58,64,1.36
77,Corner Brook,CA,2022-04-24 23:15:22,48.9667,-57.9484,37.56,96,100,13.76
78,Geraldton,AU,2022-04-24 23:16:58,-28.7667,114.6,66.61,42,84,18.41
79,Kapaa,US,2022-04-24 23:09:22,22.0752,-159.319,82.38,78,100,17.27
80,Severo-Kurilsk,RU,2022-04-24 23:08:58,50.6789,156.125,33.94,88,70,1.95
81,Nerekhta,RU,2022-04-24 23:16:59,57.4588,40.5747,48.09,84,100,6.69
82,Asau,RO,2022-04-24 23:17:00,46.4333,26.4,54.52,94,93,5.17
83,Jamestown,US,2022-04-24 23:06:24,42.097,-79.2353,78.44,31,0,10.36
84,Mareeba,AU,2022-04-24 23:17:00,-17.0,145.4333,73.44,96,99,4.85
85,Lompoc,US,2022-04-24 23:10:46,34.6391,-120.4579,82.69,63,0,21.99
86,Fare,PF,2022-04-24 23:17:01,-16.7,-151.0167,81.18,71,52,6.15
87,Kopervik,NO,2022-04-24 23:17:01,59.2835,5.3067,44.91,81,17,5.75
88,Kathu,TH,2022-04-24 23:17:01,7.9178,98.3332,87.75,71,39,6.71
89,Butaritari,KI,2022-04-24 23:17:02,3.0707,172.7902,81.34,76,100,10.42
90,Pevek,RU,2022-04-24 23:13:26,69.7008,170.3133,10.65,92,93,2.68
91,Mar Del Plata,AR,2022-04-24 23:06:52,-38.0023,-57.5575,66.22,79,0,15.01
92,Fortuna,US,2022-04-24 23:16:30,40.5982,-124.1573,61.93,74,0,11.5
93,Marion,US,2022-04-24 23:15:29,39.7684,-86.1555,77.58,57,100,17.27
94,Yellowknife,CA,2022-04-24 23:08:31,62.456,-114.3525,35.56,51,14,15.99
95,Lavrentiya,RU,2022-04-24 23:07:56,65.5833,-171.0,26.92,77,53,4.45
96,Port Elizabeth,ZA,2022-04-24 23:09:36,-33.918,25.5701,57.31,70,96,8.01
97,Poninka,UA,2022-04-24 23:18:03,50.1849,27.5363,49.82,77,33,11.63
98,Zomba,MW,2022-04-24 23:18:04,-15.386,35.3188,62.92,96,26,3.02
99,Surt,LY,2022-04-24 23:18:04,31.2089,16.5887,61.79,78,39,9.95
100,Tongzi,CN,2022-04-24 23:18:04,28.7829,105.0877,64.9,87,100,3.42
101,Sabha,LY,2022-04-24 23:13:34,27.0377,14.4283,73.89,10,98,13.96
102,Honjo,JP,2022-04-24 23:18:05,36.2333,139.1833,73.67,55,74,2.39
103,Mabaruma,GY,2022-04-24 23:18:05,8.2,-59.7833,76.15,89,100,3.8
104,Bone,DE,2022-04-24 23:18:06,51.9669,12.1396,49.24,87,100,8.95
105,Georgetown,MY,2022-04-24 23:13:57,5.4112,100.3354,80.53,89,20,0.0
106,Palu,ID,2022-04-24 23:18:07,-0.8917,119.8707,76.77,93,100,1.36
107,Shizukuishi,JP,2022-04-24 23:18:07,39.6833,140.9833,54.37,66,2,2.26
108,Brae,GB,2022-04-24 23:18:07,60.3964,-1.353,45.19,87,70,17.56
109,Korla,CN,2022-04-24 23:18:08,41.7597,86.1469,64.11,30,46,15.21
110,Mandalgovi,MN,2022-04-24 23:16:58,45.7625,106.2708,33.62,58,84,26.66
111,Bambous Virieux,MU,2022-04-24 23:18:08,-20.3428,57.7575,75.45,73,40,16.11
112,Hithadhoo,MV,2022-04-24 23:14:49,-0.6,73.0833,84.25,72,63,8.81
113,Mataura,NZ,2022-04-24 23:09:31,-46.1927,168.8643,55.47,86,93,8.1
114,Klyuchi,RU,2022-04-24 23:18:09,52.2667,79.1667,30.58,56,88,5.55
115,Ribeira Grande,PT,2022-04-24 23:12:04,38.5167,-28.7,58.93,75,15,15.55
116,Luderitz,NA,2022-04-24 23:18:10,-26.6481,15.1594,55.54,64,0,18.66
117,Barrow,US,2022-04-24 23:09:24,71.2906,-156.7887,15.82,79,0,10.36
118,Naze,JP,2022-04-24 23:15:24,28.3667,129.4833,72.37,88,9,6.04
119,Lagoa,PT,2022-04-24 23:14:53,39.05,-27.9833,57.81,74,2,19.08
120,Puerto Ayora,EC,2022-04-24 23:09:33,-0.7393,-90.3518,74.37,80,51,9.04
121,Thunder Bay,CA,2022-04-24 23:16:04,48.4001,-89.3168,47.28,79,100,5.99
122,Chateauroux,FR,2022-04-24 23:18:11,46.8167,1.7,53.6,94,100,11.5
123,Sheltozero,RU,2022-04-24 23:18:11,61.3667,35.3667,30.4,93,52,6.78
124,Nome,US,2022-04-24 23:14:49,64.5011,-165.4064,39.27,87,100,5.75
125,Saint-Georges,GD,2022-04-24 23:18:12,12.0564,-61.7485,80.28,74,75,11.5
126,Avarua,CK,2022-04-24 23:10:49,-21.2078,-159.775,80.65,83,40,11.5
127,Grand Gaube,MU,2022-04-24 23:18:12,-20.0064,57.6608,75.6,74,100,8.99
128,Sorong,ID,2022-04-24 23:11:57,-0.8833,131.25,80.04,84,72,3.31
129,Rawson,AR,2022-04-24 23:18:13,-43.3002,-65.1023,56.82,42,70,31.54
130,Grindavik,IS,2022-04-24 23:18:14,63.8424,-22.4338,43.27,93,100,9.22
131,Menongue,AO,2022-04-24 23:18:14,-14.6585,17.691,59.67,62,39,2.01
132,Yavaros,MX,2022-04-24 23:18:15,26.7,-109.5167,88.45,36,0,14.9
133,San Patricio,US,2022-04-24 23:10:40,28.017,-97.5169,84.29,66,22,19.73
134,Tual,ID,2022-04-24 23:19:15,-5.6667,132.75,83.84,66,99,2.48
135,Lavumisa,SZ,2022-04-24 23:19:16,-27.31,31.892,67.91,96,72,1.99
136,Mao,ES,2022-04-24 23:19:16,39.8885,4.2658,55.96,76,0,5.75
137,Khudumelapye,BW,2022-04-24 23:19:16,-23.8833,24.75,66.97,49,69,11.12
138,Svetlogorsk,BY,2022-04-24 23:19:17,52.6333,29.7333,48.34,83,80,7.2
139,Sao Joao Da Barra,BR,2022-04-24 23:14:58,-21.6403,-41.0511,75.07,84,97,12.53
140,Chuy,UY,2022-04-24 23:12:05,-33.6971,-53.4616,63.55,63,3,11.72
141,Morwell,AU,2022-04-24 23:19:18,-38.2333,146.4,58.41,86,99,3.33
142,Constitucion,CL,2022-04-24 23:10:39,-35.3333,-72.4167,54.3,93,100,9.98
143,Thompson,CA,2022-04-24 23:11:57,55.7435,-97.8558,20.66,58,100,14.94
144,Petropavlovsk-Kamchatskiy,RU,2022-04-24 23:19:18,53.0452,158.6483,41.59,52,75,15.66
145,Beringovskiy,RU,2022-04-24 23:12:15,63.05,179.3167,27.46,80,99,5.46
146,Olinda,BR,2022-04-24 23:19:19,-8.0089,-34.8553,82.13,74,40,8.05
147,Bagotville,AU,2022-04-24 23:19:19,-28.9833,153.4167,69.82,63,81,11.34
148,Sri Aman,MY,2022-04-24 23:19:20,1.2376,111.4621,75.25,100,98,3.44
149,Aklavik,CA,2022-04-24 23:12:07,68.2191,-135.0107,32.68,97,100,5.84
150,Oranjemund,NA,2022-04-24 23:19:20,-28.55,16.4333,53.71,86,0,14.03
151,Isoka,ZM,2022-04-24 23:19:21,-10.1606,32.6335,61.29,98,79,2.26
152,Colchester,GB,2022-04-24 23:19:21,51.8892,0.9042,45.52,88,6,12.01
153,Nara,JP,2022-04-24 23:19:20,34.6851,135.8049,67.32,70,84,1.9
154,Kismayo,SO,2022-04-24 23:19:22,-0.3582,42.5454,82.27,77,57,10.56
155,Faanui,PF,2022-04-24 23:09:28,-16.4833,-151.75,81.27,69,15,5.46
156,Castro,BR,2022-04-24 23:19:22,-24.7911,-50.0119,61.52,89,1,5.39
157,Varberg,SE,2022-04-24 23:19:23,57.1056,12.2508,40.05,72,6,8.08
158,Port Hedland,AU,2022-04-24 23:19:23,-20.3167,118.5667,71.65,73,10,3.44
159,Severomuysk,RU,2022-04-24 23:19:24,56.1481,113.4267,11.14,82,69,1.99
160,Tiksi,RU,2022-04-24 23:13:22,71.6872,128.8694,2.46,98,99,1.79
161,Tiarei,PF,2022-04-24 23:19:24,-17.5333,-149.3333,86.02,70,46,5.77
162,Coquimbo,CL,2022-04-24 23:13:19,-29.9533,-71.3436,56.93,94,100,5.75
163,Jesus Carranza,MX,2022-04-24 23:19:25,17.4333,-95.0333,97.77,29,0,18.54
164,Upernavik,GL,2022-04-24 23:19:25,72.7868,-56.1549,4.42,91,17,8.57
165,Pangnirtung,CA,2022-04-24 23:19:26,66.1451,-65.7125,24.03,85,100,3.56
166,Aberdeen,GB,2022-04-24 23:19:18,57.1437,-2.0981,44.55,94,100,3.44
167,Taoudenni,ML,2022-04-24 23:19:26,22.6783,-3.9836,80.76,23,0,12.46
168,Batagay,RU,2022-04-24 23:19:27,67.6333,134.6333,15.21,92,100,2.66
169,Chokurdakh,RU,2022-04-24 23:12:11,70.6333,147.9167,4.14,93,77,2.89
170,Kigoma,TZ,2022-04-24 23:19:27,-4.8769,29.6267,71.02,87,100,5.55
171,Saint George,US,2022-04-24 23:10:44,37.1041,-113.5841,72.63,13,0,7.0
172,Namibe,AO,2022-04-24 23:19:28,-15.1961,12.1522,71.56,75,18,3.83
173,Staszow,PL,2022-04-24 23:19:28,50.5631,21.1659,48.61,94,92,2.71
174,Stokmarknes,NO,2022-04-24 23:19:29,68.5646,14.9108,39.18,93,75,9.22
175,Kilindoni,TZ,2022-04-24 23:19:29,-7.9139,39.6668,81.32,77,100,6.33
176,Shemonaikha,KZ,2022-04-24 23:19:30,50.6328,81.9056,31.06,67,83,3.06
177,Caravelas,BR,2022-04-24 23:19:30,-17.7125,-39.2481,78.31,88,10,6.6
178,Nizhniy Odes,RU,2022-04-24 23:19:30,63.6445,54.856,32.29,99,100,4.07
179,De-Kastri,RU,2022-04-24 23:19:31,51.4667,140.7833,30.38,87,91,10.74
180,Pravia,ES,2022-04-24 23:20:31,43.4906,-6.1508,52.48,87,40,2.3
181,Tuktoyaktuk,CA,2022-04-24 23:12:03,69.4541,-133.0374,30.56,89,100,3.76
182,Balkanabat,TM,2022-04-24 23:20:32,39.5108,54.3671,72.09,26,100,9.73
183,Coolum Beach,AU,2022-04-24 23:20:32,-26.5333,153.1,69.22,89,84,16.04
184,Scarborough,GB,2022-04-24 23:15:33,54.2797,-0.4044,43.79,83,18,5.01
185,Koutsouras,GR,2022-04-24 23:20:33,35.0339,25.9469,62.11,75,1,2.24
186,Goianesia,BR,2022-04-24 23:20:33,-15.3175,-49.1175,75.81,59,100,1.43
187,Sao Jose Da Coroa Grande,BR,2022-04-24 23:20:34,-8.8978,-35.1478,78.87,82,100,10.94
188,Mehamn,NO,2022-04-24 23:20:34,71.0357,27.8492,34.11,73,100,10.16
189,Margate,GB,2022-04-24 23:20:35,51.3813,1.3862,48.87,84,7,8.01
190,Mecca,SA,2022-04-24 23:20:35,21.4267,39.8261,81.43,56,0,2.62
191,Mahebourg,MU,2022-04-24 23:12:00,-20.4081,57.7,74.25,68,100,15.99
192,Ostrovnoy,RU,2022-04-24 23:20:36,68.0531,39.5131,34.02,96,100,12.41
193,Astaneh-Ye Ashrafiyeh,IR,2022-04-24 23:20:36,37.2596,49.9444,55.33,80,100,0.65
194,Broome,US,2022-04-24 23:20:36,42.2506,-75.833,77.77,38,0,8.05
195,Khani,GE,2022-04-24 23:20:37,41.9563,42.9566,38.77,69,7,4.92
196,Kuryk,KZ,2022-04-24 23:20:37,43.2,51.65,61.3,42,84,8.84
197,Mirabela,BR,2022-04-24 23:20:38,-16.2628,-44.1644,78.24,39,86,6.85
198,Nanortalik,GL,2022-04-24 23:10:41,60.1432,-45.2371,36.72,93,99,1.28
199,Kommunisticheskiy,RU,2022-04-24 23:20:38,61.6789,64.4819,30.78,99,72,2.95
200,Saint-Pierre,RE,2022-04-24 23:17:40,-21.3393,55.4781,74.88,75,75,14.97
201,Khorol,UA,2022-04-24 23:20:39,49.7837,33.2783,47.71,72,30,6.33
202,Carnarvon,AU,2022-04-24 23:20:39,-24.8667,113.6333,64.47,94,40,5.75
203,Shelburne,CA,2022-04-24 23:20:40,44.0787,-80.2041,72.39,66,100,16.11
204,Hasaki,JP,2022-04-24 23:20:40,35.7333,140.8333,63.28,78,62,2.73
205,Campbellsville,US,2022-04-24 23:20:40,37.3434,-85.3419,80.71,75,100,8.28
206,Makat,KZ,2022-04-24 23:20:41,47.6469,53.3463,53.06,51,98,12.44
207,Dikson,RU,2022-04-24 23:14:45,73.5069,80.5464,6.76,94,96,13.98
208,Sal Rei,CV,2022-04-24 23:20:41,16.1833,-22.9167,71.82,81,22,14.5
209,Roald,NO,2022-04-24 23:20:42,62.5833,6.1333,45.75,87,75,17.27
210,Damara,CF,2022-04-24 23:20:42,4.9608,18.7035,70.93,96,99,4.32
211,Papagaios,BR,2022-04-24 23:20:43,-19.4492,-44.7478,70.83,65,79,5.55
212,Nuuk,GL,2022-04-24 23:10:46,64.1835,-51.7216,30.81,93,100,5.75
213,Hami,CN,2022-04-24 23:20:43,42.8,93.45,59.58,43,82,16.2
214,Ulfborg,DK,2022-04-24 23:20:44,56.2673,8.3217,44.98,63,27,10.63
215,Saint-Joseph,RE,2022-04-24 23:20:44,-21.3667,55.6167,73.78,78,92,13.91
216,Egvekinot,RU,2022-04-24 23:20:45,66.3167,-179.1667,21.29,81,17,4.21
217,Birao,CF,2022-04-24 23:20:45,10.2849,22.7882,83.16,49,88,5.19
218,Mattru,SL,2022-04-24 23:20:45,7.6244,-11.8332,74.61,91,100,3.09
219,Sarakhs,IR,2022-04-24 23:20:46,36.5449,61.1577,62.74,72,52,2.3
220,Foster,US,2022-04-24 23:20:46,41.8537,-71.7581,53.33,45,82,4.74
221,College,US,2022-04-24 23:20:47,64.8569,-147.8028,52.12,43,75,3.44
222,Rocha,UY,2022-04-24 23:20:47,-34.4833,-54.3333,65.14,44,1,11.81
223,Zhangjiakou,CN,2022-04-24 23:20:47,40.81,114.8794,60.94,41,26,0.89
224,Xiongyue,CN,2022-04-24 23:21:48,40.1774,122.1228,56.8,87,100,8.55
225,Samarai,PG,2022-04-24 23:20:15,-10.6167,150.6667,83.68,73,100,14.14
226,Los Llanos De Aridane,ES,2022-04-24 23:21:48,28.6585,-17.9182,62.35,77,20,3.44
227,Clyde River,CA,2022-04-24 23:21:49,70.4692,-68.5914,8.83,85,100,3.44
228,Gavle,SE,2022-04-24 23:21:49,60.6745,17.1417,29.35,51,14,1.99
229,Hobart,AU,2022-04-24 23:21:50,-42.8794,147.3294,56.26,89,75,5.75
230,Roblin,CA,2022-04-24 23:21:50,51.23,-101.3565,30.72,74,88,20.02
231,Hovd,MN,2022-04-24 23:21:50,48.0056,91.6419,24.37,44,13,1.63
232,Houma,US,2022-04-24 23:18:04,29.5958,-90.7195,82.99,79,40,14.97
233,Lefka,CY,2022-04-24 23:21:51,35.1106,32.8506,67.73,51,0,4.12
234,Norman Wells,CA,2022-04-24 23:13:32,65.282,-126.8329,42.62,76,72,4.05
235,Port Hardy,CA,2022-04-24 23:17:43,50.6996,-127.4199,46.58,93,100,18.41
236,Caconda,AO,2022-04-24 23:21:52,-13.7333,15.0667,63.07,60,98,1.63
237,Strezhevoy,RU,2022-04-24 23:21:52,60.7333,77.5889,32.09,99,100,6.58
238,Barcelona,ES,2022-04-24 23:20:11,41.3888,2.159,59.83,79,20,2.3
239,Darhan,MN,2022-04-24 23:21:53,49.4867,105.9228,29.57,65,100,18.75
240,Tefe,BR,2022-04-24 23:21:53,-3.3542,-64.7114,77.11,94,0,2.3
241,Haines Junction,CA,2022-04-24 23:21:53,60.7522,-137.5108,49.95,43,92,8.05
242,Tsabong,BW,2022-04-24 23:21:54,-26.0217,22.401,58.73,24,1,10.67
243,The Valley,AI,2022-04-24 23:21:54,18.217,-63.0578,78.66,69,20,8.05
244,Tevaitoa,PF,2022-04-24 23:21:55,-16.7833,-151.5,81.09,71,38,6.85
245,Fort Nelson,CA,2022-04-24 23:21:55,58.8053,-122.7002,53.19,37,75,5.75
246,Waipawa,NZ,2022-04-24 23:14:44,-41.4122,175.5153,54.75,68,99,3.06
247,Berbera,SO,2022-04-24 23:21:56,10.4396,45.0143,83.23,83,99,5.75
248,Sitka,US,2022-04-24 23:09:25,57.0531,-135.33,48.09,71,100,5.75
249,Usilampatti,IN,2022-04-24 23:21:56,9.9667,77.8,79.75,79,61,1.54
250,Sorland,NO,2022-04-24 23:21:57,67.667,12.6934,41.63,78,100,13.56
251,The Pas,CA,2022-04-24 23:21:57,53.8251,-101.2541,33.82,51,0,9.22
252,Sao Filipe,CV,2022-04-24 23:21:57,14.8961,-24.4956,74.71,73,14,2.33
253,Cacahuatepec,MX,2022-04-24 23:21:58,16.8861,-99.6106,83.77,51,7,9.17
254,Newport,GB,2022-04-24 23:21:58,51.5877,-2.9984,50.54,65,35,10.71
255,Ninh Binh,VN,2022-04-24 23:19:52,20.2539,105.975,76.53,95,17,8.75
256,Bilibino,RU,2022-04-24 23:21:59,68.0546,166.4372,17.91,81,82,3.85
257,Baykit,RU,2022-04-24 23:19:03,61.67,96.37,29.82,94,99,3.71
258,Ceccano,IT,2022-04-24 23:21:59,41.5677,13.3333,58.06,83,91,0.69
259,Nikolskoye,RU,2022-04-24 23:22:00,59.7035,30.7861,44.87,95,100,7.63
260,Vardo,NO,2022-04-24 23:22:00,70.3705,31.1107,35.51,86,100,7.94
261,Katsuura,JP,2022-04-24 23:12:02,35.1333,140.3,65.3,80,74,0.89
262,Merauke,ID,2022-04-24 23:22:01,-8.4667,140.3333,79.72,82,99,8.57
263,Souillac,MU,2022-04-24 23:13:23,-20.5167,57.5167,75.78,68,100,14.61
264,Amahai,ID,2022-04-24 23:22:01,-3.3333,128.9167,81.32,77,100,2.68
265,Beloha,MG,2022-04-24 23:22:02,-25.1667,45.05,72.32,62,87,6.38
266,Guangyuan,CN,2022-04-24 23:22:02,32.442,105.823,55.2,84,51,5.08
267,Along,IN,2022-04-24 23:22:03,28.1667,94.7667,64.6,96,98,2.75
268,Rute,ES,2022-04-24 23:22:03,37.3269,-4.3683,50.58,70,99,1.16
269,Atherton,GB,2022-04-24 23:22:04,53.5237,-2.4935,47.21,74,18,5.01
270,Urengoy,RU,2022-04-24 23:22:04,65.9667,78.3667,1.47,99,98,5.32
271,Manaus,BR,2022-04-24 23:23:05,-3.1019,-60.025,82.89,83,40,2.3
272,Les Cayes,HT,2022-04-24 23:23:05,18.2,-73.75,77.99,75,99,6.29
273,Abonnema,NG,2022-04-24 23:23:05,4.7084,6.7931,75.49,86,92,3.09
274,San Cristobal,VE,2022-04-24 23:23:06,7.7669,-72.225,69.98,93,73,1.97
275,Okha,RU,2022-04-24 23:23:06,53.5739,142.9478,30.24,79,100,9.24
276,Bowen,AU,2022-04-24 23:23:07,-20.0167,148.2333,77.14,84,100,22.26
277,Benguela,AO,2022-04-24 23:23:07,-12.5763,13.4055,74.12,89,48,3.09
278,Tezu,IN,2022-04-24 23:13:31,27.9167,96.1667,67.46,80,68,4.07
279,Biryusinsk,RU,2022-04-24 23:23:08,55.9634,97.8235,25.84,85,100,11.68
280,Tuatapere,NZ,2022-04-24 23:23:08,-46.1333,167.6833,57.13,77,86,9.22
281,Iqaluit,CA,2022-04-24 23:23:08,63.7506,-68.5145,22.73,73,100,15.01
282,Boa Vista,BR,2022-04-24 23:10:30,2.8197,-60.6733,80.58,74,40,4.61
283,Bonfim,BR,2022-04-24 23:23:09,3.0833,-59.95,85.42,58,72,9.48
284,Peniche,PT,2022-04-24 23:23:10,39.3558,-9.3811,54.45,93,37,4.83
285,Maldonado,UY,2022-04-24 23:23:10,-34.6667,-54.9167,72.23,36,1,13.09
286,Saint-Augustin,CA,2022-04-24 23:23:10,51.226,-58.6502,37.33,93,100,18.21
287,Bonavista,CA,2022-04-24 23:23:11,48.6499,-53.1147,35.73,93,100,22.7
288,Atbasar,KZ,2022-04-24 23:22:14,51.8,68.3333,34.39,54,25,8.41
289,Matveyevka,RU,2022-04-24 23:23:11,52.15,56.1833,45.97,59,73,4.09
290,Inongo,CD,2022-04-24 23:23:12,-1.95,18.2667,72.79,89,66,4.09
291,Orapa,BW,2022-04-24 23:23:12,-21.2833,25.3667,72.37,47,94,5.19
292,Hurghada,EG,2022-04-24 23:23:13,27.2574,33.8129,73.6,39,0,15.68
293,Akdepe,TM,2022-04-24 23:23:13,42.0551,59.3788,53.69,44,6,5.88
294,Tura,IN,2022-04-24 23:23:13,25.5198,90.2201,72.36,96,53,6.2
295,Horta,PT,2022-04-24 23:23:14,38.5333,-28.6333,57.96,76,30,14.85
296,Harlingen,US,2022-04-24 23:20:17,26.1906,-97.6961,86.09,50,40,21.85
297,Estelle,US,2022-04-24 23:23:14,29.8458,-90.1067,81.0,70,75,11.01
298,Lethem,GY,2022-04-24 23:23:15,3.3803,-59.7968,81.41,69,99,10.96
299,Isangel,VU,2022-04-24 23:22:47,-19.55,169.2667,77.59,71,99,17.96
300,Marsaxlokk,MT,2022-04-24 23:23:15,35.8419,14.5431,60.08,88,0,3.44
301,Minab,IR,2022-04-24 23:23:16,27.1467,57.0801,77.32,78,2,2.3
302,Salalah,OM,2022-04-24 23:22:37,17.0151,54.0924,79.61,78,45,5.12
303,Wundanyi,KE,2022-04-24 23:23:16,-3.4019,38.364,61.81,93,84,3.33
304,Santa Maria Del Oro,MX,2022-04-24 23:23:17,25.9333,-105.3667,88.74,6,0,21.59
305,Xichang,CN,2022-04-24 23:23:17,27.8964,102.2634,61.43,88,77,0.96
306,Halifax,CA,2022-04-24 23:20:02,44.6453,-63.5724,38.68,76,53,12.66
307,Zyryanka,RU,2022-04-24 23:23:18,65.75,150.85,19.96,92,100,15.39
308,Forestville,US,2022-04-24 23:18:20,38.8451,-76.875,76.06,61,20,14.97
309,Svetlaya,RU,2022-04-24 23:13:31,46.5389,138.3297,45.01,52,0,7.05
310,Lorengau,PG,2022-04-24 23:23:18,-2.0226,147.2712,83.21,74,57,7.61
311,Montevideo,UY,2022-04-24 23:21:56,-34.8335,-56.1674,67.71,37,0,8.05
312,Bobcaygeon,CA,2022-04-24 23:23:19,44.5462,-78.542,67.28,81,100,7.96
313,Thames,NZ,2022-04-24 23:23:19,-37.1333,175.5333,64.22,68,82,4.16
314,Zadonsk,RU,2022-04-24 23:23:20,52.3904,38.9261,48.96,96,96,2.46
315,Mandan,US,2022-04-24 23:23:20,46.8267,-100.8896,38.37,75,100,24.16
316,Vaitape,PF,2022-04-24 23:23:21,-16.5167,-151.75,81.28,69,15,5.57
317,Torbay,CA,2022-04-24 23:23:09,47.6666,-52.7314,36.28,96,100,9.22
318,Ferme-Neuve,CA,2022-04-24 23:23:21,46.7001,-75.4493,49.33,52,100,8.37
319,Kahului,US,2022-04-24 23:24:22,20.8947,-156.47,84.22,62,20,26.46
320,Urumqi,CN,2022-04-24 23:24:22,43.801,87.6005,43.75,71,75,2.24
321,Leningradskiy,RU,2022-04-24 23:24:22,69.3833,178.4167,20.7,89,88,1.5
322,Chernyshevskiy,RU,2022-04-24 23:24:23,63.0128,112.4714,15.96,90,100,1.92
323,Jibuti,DJ,2022-04-24 23:24:23,11.5,42.5,75.76,59,78,9.46
324,Ranong,TH,2022-04-24 23:24:24,9.9658,98.6348,76.93,86,12,3.44
325,Kirakira,SB,2022-04-24 23:24:24,-10.4544,161.9205,84.6,71,46,5.28
326,Baeza,ES,2022-04-24 23:24:25,37.9938,-3.471,52.75,67,88,0.38
327,Dwarka,IN,2022-04-24 23:24:25,22.2394,68.9678,80.69,76,0,11.21
328,Mount Gambier,AU,2022-04-24 23:22:25,-37.8333,140.7667,56.19,64,100,4.12
329,Pampa,US,2022-04-24 23:24:26,35.5362,-100.9599,70.57,26,0,14.97
330,Quatre Cocos,MU,2022-04-24 23:24:26,-20.2078,57.7625,75.31,69,100,16.64
331,Traiguen,CL,2022-04-24 23:24:26,-38.25,-72.6833,45.1,90,81,4.59
332,Paka,MY,2022-04-24 23:24:27,4.6374,103.4368,76.93,100,20,0.0
333,Yaan,NG,2022-04-24 23:24:27,7.3833,8.5667,78.49,74,96,8.34
334,Tartagal,AR,2022-04-24 23:24:28,-22.5164,-63.8013,72.09,87,23,1.41
335,Pangai,TO,2022-04-24 23:24:28,-19.8,-174.35,84.31,58,40,5.75
336,Jalu,LY,2022-04-24 23:24:28,29.0331,21.5482,71.49,34,27,9.71
337,Bathsheba,BB,2022-04-24 23:24:29,13.2167,-59.5167,79.41,78,40,16.11
338,Cidreira,BR,2022-04-24 23:24:29,-30.1811,-50.2056,69.04,84,1,19.84
339,Urubamba,PE,2022-04-24 23:24:30,-13.3047,-72.1158,65.3,83,99,6.53
340,Russell,US,2022-04-24 23:23:54,32.3502,-85.1999,81.68,57,0,5.75
341,Tieli,CN,2022-04-24 23:24:30,46.95,128.05,49.14,45,100,4.32
342,Vila Franca Do Campo,PT,2022-04-24 23:24:31,37.7167,-25.4333,57.61,82,34,10.78
343,Great Yarmouth,GB,2022-04-24 23:20:28,52.6083,1.7305,46.65,86,2,15.01
344,Harper,LR,2022-04-24 23:24:31,4.375,-7.7169,80.82,86,100,6.73
345,Kargopol,RU,2022-04-24 23:24:31,61.5071,38.9456,28.33,98,59,4.56
346,Sangar,RU,2022-04-24 23:24:32,63.9242,127.4739,16.39,91,80,4.32
347,Sherpur,BD,2022-04-24 23:24:32,25.0188,90.0175,75.92,96,31,10.33
348,Tessalit,ML,2022-04-24 23:24:33,20.1986,1.0114,79.09,10,0,9.95
349,Notodden,NO,2022-04-24 23:24:33,59.5594,9.2585,36.72,70,42,4.97
350,Vao,NC,2022-04-24 23:24:34,-22.6667,167.4833,73.36,69,100,23.13
351,Weligama,LK,2022-04-24 23:24:34,5.9667,80.4167,78.26,86,59,0.58
352,Gravdal,NO,2022-04-24 23:24:34,68.1214,13.5031,40.87,80,100,10.49
353,Canutama,BR,2022-04-24 23:24:35,-6.5339,-64.3831,76.78,96,92,2.59
354,Danville,US,2022-04-24 23:24:35,36.586,-79.395,81.25,44,0,8.05
355,Chapais,CA,2022-04-24 23:24:10,49.7834,-74.8492,40.78,76,100,12.75
356,Homer,US,2022-04-24 23:24:36,59.6425,-151.5483,52.03,66,75,6.91
357,Kavaratti,IN,2022-04-24 23:24:36,10.5669,72.642,83.43,75,32,3.4
358,Noumea,NC,2022-04-24 23:24:37,-22.2763,166.4572,75.99,99,100,16.78
359,Alofi,NU,2022-04-24 23:24:37,-19.0595,-169.9187,78.69,83,99,4.61
360,Sibolga,ID,2022-04-24 23:24:37,1.7427,98.7792,76.59,89,85,3.38
361,Carlagan,PH,2022-04-24 23:24:38,14.975,122.0456,81.18,81,49,6.64
362,Arraial Do Cabo,BR,2022-04-24 23:24:38,-22.9661,-42.0278,75.54,77,48,12.37
363,Provideniya,RU,2022-04-24 23:14:52,64.3833,-173.3,35.71,60,0,4.47
364,Port Blair,IN,2022-04-24 23:24:39,11.6667,92.75,78.84,89,20,2.3
365,Kambove,CD,2022-04-24 23:24:39,-10.8764,26.5969,60.4,97,84,3.51
366,Miri,MY,2022-04-24 23:25:40,4.4148,114.0089,75.34,94,40,2.3
367,Chicama,PE,2022-04-24 23:25:40,-7.8447,-79.1469,61.34,74,39,8.28
368,Maniitsoq,GL,2022-04-24 23:25:38,65.4167,-52.9,27.5,88,98,5.75
369,Deputatskiy,RU,2022-04-24 23:25:40,69.3,139.9,8.74,93,100,3.02
370,Honghu,CN,2022-04-24 23:25:41,29.8206,113.4621,69.75,93,100,11.83
371,Ust-Kut,RU,2022-04-24 23:25:41,56.7938,105.7672,23.11,79,44,2.89
372,Palana,RU,2022-04-24 23:25:42,59.1167,159.9667,30.79,89,100,8.68
373,Lakota,CI,2022-04-24 23:25:42,5.8528,-5.6883,72.88,98,99,4.59
374,Buala,SB,2022-04-24 23:25:42,-8.145,159.5921,83.8,74,93,6.71
375,Nalut,LY,2022-04-24 23:25:43,30.3333,10.85,73.2,12,71,16.53
376,Obama,JP,2022-04-24 23:25:43,35.4958,135.746,65.95,77,46,0.69
377,Yar-Sale,RU,2022-04-24 23:25:43,66.8333,70.8333,-0.38,99,29,3.87
378,Undory,RU,2022-04-24 23:25:44,54.6085,48.3928,45.64,78,100,7.38
379,Tommot,RU,2022-04-24 23:25:44,58.9564,126.2925,28.81,78,100,0.65
380,Touros,BR,2022-04-24 23:25:45,-5.1989,-35.4608,77.11,88,97,10.33
381,Ilulissat,GL,2022-04-24 23:25:45,69.2167,-51.1,26.62,93,100,3.44
382,Verkhnyaya Inta,RU,2022-04-24 23:25:45,65.9811,60.3094,19.24,98,77,5.28
383,General Pico,AR,2022-04-24 23:25:46,-35.6566,-63.7568,71.91,47,89,8.61
384,Jerome,US,2022-04-24 23:21:56,42.7241,-114.5186,58.48,24,0,3.44
385,Nyurba,RU,2022-04-24 23:25:46,63.2842,118.3319,23.05,91,92,5.28
386,Leh,IN,2022-04-24 23:25:03,34.1667,77.5833,36.59,42,51,2.91
387,Dakar,SN,2022-04-24 23:24:30,14.6937,-17.4441,76.08,83,0,11.5
388,Yasenskaya,RU,2022-04-24 23:25:47,46.3592,38.269,52.52,85,1,4.72
389,Qui Nhon,VN,2022-04-24 23:25:48,13.7667,109.2333,78.21,89,59,4.76
390,Uvalde,US,2022-04-24 23:24:35,29.3669,-99.767,88.79,40,75,11.5
391,Vestmannaeyjar,IS,2022-04-24 23:25:48,63.4427,-20.2734,43.79,81,0,8.05
392,Tucuman,AR,2022-04-24 23:25:48,-26.8241,-65.2226,71.6,78,20,4.61
393,Padang,ID,2022-04-24 23:25:49,-0.9492,100.3543,77.05,86,100,4.23
394,Husavik,IS,2022-04-24 23:25:49,66.0449,-17.3389,42.55,84,100,0.72
395,Nea Peramos,GR,2022-04-24 23:25:50,38.0076,23.423,67.66,67,22,6.15
396,Kifri,IQ,2022-04-24 23:25:50,34.6959,44.9661,63.81,65,65,4.63
397,Canals,ES,2022-04-24 23:23:14,38.9625,-0.5844,61.77,50,93,7.14
398,Point Pleasant,US,2022-04-24 23:25:51,40.0832,-74.0682,53.28,71,0,9.22
399,Raudeberg,NO,2022-04-24 23:25:51,61.9875,5.1352,43.86,88,27,19.17
400,Qujing,CN,2022-04-24 23:25:52,25.4833,103.7833,57.65,51,0,8.37
401,Eirunepe,BR,2022-04-24 23:25:52,-6.6603,-69.8736,76.12,94,77,0.49
402,Sawakin,SD,2022-04-24 23:25:52,19.1059,37.3321,81.63,78,0,9.98
403,Ajdabiya,LY,2022-04-24 23:25:53,30.7554,20.2263,66.42,47,42,9.66
404,Gazalkent,UZ,2022-04-24 23:25:53,41.5581,69.7708,55.9,80,53,0.58
405,Dicabisagan,PH,2022-04-24 23:25:54,17.0818,122.4157,80.58,82,9,2.3
406,Dhidhdhoo,MV,2022-04-24 23:25:54,6.8833,73.1,83.52,73,64,4.7
407,Kavieng,PG,2022-04-24 23:25:55,-2.5744,150.7967,83.75,71,100,7.61
408,Kijang,KR,2022-04-24 23:25:55,35.2442,129.2139,65.93,74,92,3.53
409,Ouadda,CF,2022-04-24 23:25:56,8.0777,22.4007,72.7,75,88,3.76
410,Inverell,AU,2022-04-24 23:25:56,-29.7833,151.1167,65.1,64,61,5.01
411,Abu Dhabi,AE,2022-04-24 23:21:03,24.4667,54.3667,80.71,66,0,1.14
412,Sobolevo,RU,2022-04-24 23:26:57,54.4299,31.8996,45.88,86,87,8.32
413,Cabo San Lucas,MX,2022-04-24 23:26:57,22.8909,-109.9124,81.61,60,0,5.75
414,Ust-Tsilma,RU,2022-04-24 23:26:57,65.441,52.1498,31.91,86,75,4.9
415,Petrolina,BR,2022-04-24 23:23:05,-9.3986,-40.5008,82.45,54,0,5.75
416,Srednekolymsk,RU,2022-04-24 23:24:05,67.45,153.6833,18.54,90,100,13.76
417,Henties Bay,NA,2022-04-24 23:26:58,-22.116,14.2845,59.07,82,0,11.3
418,Ancud,CL,2022-04-24 23:26:58,-41.8697,-73.8203,45.23,77,75,21.79
419,Sabya,SA,2022-04-24 23:26:59,17.1495,42.6254,85.62,46,64,4.18
420,Langfang,CN,2022-04-24 23:26:59,39.5097,116.6947,59.88,71,100,6.13
421,Praia Da Vitoria,PT,2022-04-24 23:23:49,38.7333,-27.0667,59.25,77,20,18.3
422,Setermoen,NO,2022-04-24 23:27:00,68.861,18.3486,40.44,100,100,2.98
423,Douglas,US,2022-04-24 23:27:00,41.3,-96.167,52.68,55,100,19.57
424,Gigmoto,PH,2022-04-24 23:27:01,13.7796,124.39,81.32,88,99,10.2
425,Heihe,CN,2022-04-24 23:27:01,50.2441,127.4902,46.98,68,99,2.35
426,Bad Lauterberg,DE,2022-04-24 23:27:02,51.6327,10.4703,46.22,96,100,4.36
427,Kiunga,PG,2022-04-24 23:27:02,-6.1219,141.2906,76.96,93,99,0.09
428,Balaipungut,ID,2022-04-24 23:27:03,1.05,101.2833,74.17,99,87,0.67
429,Kaeo,NZ,2022-04-24 23:27:03,-35.1,173.7833,68.32,75,86,7.92
430,Terney,RU,2022-04-24 23:27:03,45.0503,136.6092,49.86,42,36,4.21
431,Salinopolis,BR,2022-04-24 23:24:18,-0.6136,-47.3561,78.21,87,99,9.55
432,Tahoua,NE,2022-04-24 23:27:04,14.8888,5.2692,88.32,9,76,8.7
433,Tabuk,PH,2022-04-24 23:27:05,17.4189,121.4443,78.35,79,6,4.92
434,Cherskiy,RU,2022-04-24 23:27:05,68.75,161.3,17.62,86,97,5.75
435,Lufilufi,WS,2022-04-24 23:27:05,-13.8745,-171.5986,85.78,75,55,8.28
436,Khandyga,RU,2022-04-24 23:27:06,62.6667,135.6,26.08,83,93,0.94
437,Nanakuli,US,2022-04-24 23:27:06,21.3906,-158.1547,84.15,57,75,13.8
438,Chegdomyn,RU,2022-04-24 23:27:07,51.1167,133.0167,32.02,81,94,1.16
439,Kankon,IN,2022-04-24 23:27:07,15.0167,74.0167,81.81,75,53,3.2
440,Jinka,ET,2022-04-24 23:27:07,5.65,36.65,62.04,92,69,2.42
441,Luanda,AO,2022-04-24 23:22:53,-8.8368,13.2343,76.66,88,68,9.73
442,Belmopan,BZ,2022-04-24 23:27:08,17.25,-88.7667,88.18,62,67,7.61
443,Boffa,GN,2022-04-24 23:27:08,10.1667,-14.0333,79.5,84,45,3.02
444,Codrington,AU,2022-04-24 23:24:49,-38.2667,141.9667,55.27,72,89,6.58
445,Nemuro,JP,2022-04-24 23:27:09,43.3236,145.575,43.05,74,100,11.56
446,Mweka,CD,2022-04-24 23:27:09,-4.85,21.5667,67.98,94,29,1.07
447,Ziro,IN,2022-04-24 23:27:10,27.6333,93.8333,49.93,97,61,2.51
448,Talnakh,RU,2022-04-24 23:27:10,69.4865,88.3972,-5.49,99,91,4.38
449,Huarmey,PE,2022-04-24 23:27:11,-10.0681,-78.1522,69.8,82,36,10.54
450,Rundu,NA,2022-04-24 23:27:11,-17.9333,19.7667,63.43,45,6,3.11
451,Wewak,PG,2022-04-24 23:27:11,-3.5534,143.6268,81.28,83,91,4.47
452,Wairoa,NZ,2022-04-24 23:27:12,-39.0333,177.3667,57.54,96,98,1.99
453,Inta,RU,2022-04-24 23:27:12,66.0317,60.1659,19.15,98,77,5.66
454,Riyadh,SA,2022-04-24 23:25:19,24.6877,46.7219,73.54,45,95,13.27
455,Flinders,AU,2022-04-24 23:23:55,-34.5833,150.8552,65.48,90,99,5.99
456,Hurup,DK,2022-04-24 23:27:13,56.7494,8.4195,44.69,63,10,11.36
457,Port-Gentil,GA,2022-04-24 23:27:13,-0.7193,8.7815,76.96,94,20,4.61
458,Nioro,GM,2022-04-24 23:28:14,13.35,-15.75,88.84,21,1,3.33
459,Acajutla,SV,2022-04-24 23:28:14,13.5928,-89.8275,84.51,64,16,7.47
460,Hwange,ZW,2022-04-24 23:28:15,-18.3693,26.5019,66.52,75,10,1.48
461,Seminole,US,2022-04-24 23:27:27,28.7086,-81.2081,79.25,71,0,18.41
462,Gat,IL,2022-04-24 23:28:15,31.61,34.7642,75.4,100,80,3.69
463,Marshall,US,2022-04-24 23:27:13,34.3834,-86.3333,81.32,46,0,5.75
464,Krasnoselkup,RU,2022-04-24 23:28:16,65.7,82.4667,-6.14,100,92,2.91
465,Yelyzavethradka,UA,2022-04-24 23:28:16,48.8038,32.4046,48.04,77,41,7.78
466,Jeremie,HT,2022-04-24 23:28:17,18.65,-74.1167,76.55,81,100,4.34
467,Tazovskiy,RU,2022-04-24 23:23:55,67.4667,78.7,-9.56,100,86,4.85
468,Itaituba,BR,2022-04-24 23:25:09,-4.2761,-55.9836,75.36,94,72,1.7
469,Woodstock,CA,2022-04-24 23:23:46,43.1334,-80.7497,77.22,61,99,14.0
470,Nyimba,ZM,2022-04-24 23:28:18,-14.5566,30.8149,67.14,88,26,3.18
471,Gua Musang,MY,2022-04-24 23:28:18,4.8823,101.9644,73.42,99,80,1.45
472,Luwuk,ID,2022-04-24 23:28:18,-0.9516,122.7875,80.69,82,34,0.67
473,Kuching,MY,2022-04-24 23:28:19,1.55,110.3333,77.22,94,40,2.3
474,High Level,CA,2022-04-24 23:28:19,58.5169,-117.136,46.51,53,75,14.97
475,Shache,CN,2022-04-24 23:28:20,38.4167,77.2406,67.91,24,37,16.55
476,Tambura,SS,2022-04-24 23:25:20,5.6,27.4667,68.9,97,100,4.18
477,Dillon,US,2022-04-24 23:28:20,34.4166,-79.3712,81.88,58,3,7.94
478,Punghina,RO,2022-04-24 23:28:21,44.2819,22.9347,55.62,89,100,6.44
479,Pochutla,MX,2022-04-24 23:24:19,15.7432,-96.4661,87.82,53,47,7.65
480,Bada,RU,2022-04-24 23:28:21,51.392,109.8717,28.27,61,100,5.53
481,Liwale,TZ,2022-04-24 23:28:22,-9.7667,37.9333,69.04,99,99,1.14
482,Weert,NL,2022-04-24 23:28:22,51.2517,5.7069,52.75,71,98,3.0
483,Richards Bay,ZA,2022-04-24 23:28:23,-28.783,32.0377,69.12,90,100,7.78
484,Esmeraldas,BR,2022-04-24 23:28:23,-19.7625,-44.3139,79.11,55,86,4.72
485,Avera,US,2022-04-24 23:25:33,33.194,-82.5271,79.56,58,28,5.64
486,Yatou,CN,2022-04-24 23:28:24,37.15,122.3833,55.94,91,100,7.61
487,Berdigestyakh,RU,2022-04-24 23:28:24,62.0989,126.6992,20.41,88,88,4.7
488,Bagojo,MX,2022-04-24 23:28:24,25.8667,-109.1167,80.51,28,0,13.67
489,Itaguai,BR,2022-04-24 23:28:25,-22.8522,-43.7753,77.68,78,75,4.61
490,Envira,BR,2022-04-24 23:28:25,-7.3,-70.2167,75.24,95,73,1.28
491,Jumla,NP,2022-04-24 23:28:26,29.2747,82.1838,46.83,36,0,4.83
492,Talas,TR,2022-04-24 23:28:26,38.6908,35.5538,54.27,47,0,4.61
493,Plouzane,FR,2022-04-24 23:28:26,48.3833,-4.6167,51.98,90,100,3.44
494,San Rafael,AR,2022-04-24 23:28:27,-34.6177,-68.3301,73.06,12,5,11.63
495,Tasiilaq,GL,2022-04-24 23:28:27,65.6145,-37.6368,32.16,67,48,3.65
496,Pemangkat,ID,2022-04-24 23:28:28,1.1667,108.9667,79.02,86,95,5.84
497,Berlevag,NO,2022-04-24 23:23:34,70.8578,29.0864,33.6,77,100,9.95
498,Hambantota,LK,2022-04-24 23:28:28,6.1241,81.1185,80.31,80,89,1.61
499,Herrin,US,2022-04-24 23:28:29,37.8031,-89.0276,77.22,69,100,13.8
500,Matadi,CD,2022-04-24 23:28:29,-5.8167,13.45,75.83,98,99,2.91
501,Moose Factory,CA,2022-04-24 23:28:30,51.2585,-80.6094,42.8,75,0,9.22
502,Makanya,TZ,2022-04-24 23:29:30,-4.3667,37.8333,69.84,94,97,1.92
503,Hofn,IS,2022-04-24 23:29:30,64.2539,-15.2082,42.01,91,98,5.41
504,Sai Buri,TH,2022-04-24 23:29:31,6.7013,101.6168,77.83,88,61,5.12
505,Vysokogornyy,RU,2022-04-24 23:29:31,50.1167,139.15,27.3,83,69,7.4
506,Tumen,CN,2022-04-24 23:29:32,42.9661,129.8425,57.85,33,31,2.1
507,Kyra,RU,2022-04-24 23:29:32,49.5776,111.9753,30.43,59,100,6.49
508,Necochea,AR,2022-04-24 23:29:32,-38.5473,-58.7368,68.16,49,72,14.09
509,Itarema,BR,2022-04-24 23:29:33,-2.9248,-39.9167,76.57,89,94,7.56
510,Buraydah,SA,2022-04-24 23:28:01,26.326,43.975,66.65,54,100,17.81
511,Hobyo,SO,2022-04-24 23:29:33,5.3505,48.5268,83.03,71,2,11.21
512,Vozrozhdeniye,RU,2022-04-24 23:29:34,44.5503,38.2136,52.92,70,1,3.33
513,Porto Novo,BJ,2022-04-24 23:29:34,6.4965,2.6036,81.03,83,100,6.89
514,Teguise,ES,2022-04-24 23:29:35,29.0605,-13.564,59.22,67,20,4.61
515,Brainerd,US,2022-04-24 23:29:35,46.358,-94.2008,42.82,61,100,20.71
516,Road Town,VG,2022-04-24 23:25:52,18.4167,-64.6167,78.89,69,40,8.05
517,Broken Hill,AU,2022-04-24 23:29:36,-31.95,141.4333,62.31,67,40,9.22
518,Mugur-Aksy,RU,2022-04-24 23:29:36,50.35,90.5,14.41,66,1,2.64
519,Yeppoon,AU,2022-04-24 23:29:36,-23.1333,150.7333,73.18,67,100,21.34
520,Oranjestad,AW,2022-04-24 23:29:37,12.524,-70.027,80.55,74,20,19.57
521,Hauterive,FR,2022-04-24 23:29:37,46.0901,3.4459,52.56,94,100,8.25
522,Bartica,GY,2022-04-24 23:29:38,6.4,-58.6167,79.12,95,96,3.06
523,Sarangani,PH,2022-04-24 23:29:38,5.4033,125.4636,83.19,75,68,13.42
524,Sinnamary,GF,2022-04-24 23:29:39,5.3833,-52.95,78.31,90,91,9.62
525,Batemans Bay,AU,2022-04-24 23:24:50,-35.7167,150.1833,63.1,69,79,3.29
526,Nevel,RU,2022-04-24 23:29:39,56.0209,29.9284,43.52,95,100,5.7
527,Hearst,CA,2022-04-24 23:29:39,49.6835,-83.6665,62.85,95,100,10.65
528,Haimen,CN,2022-04-24 23:29:40,23.1935,116.6142,78.69,88,0,3.36
529,Sungaipenuh,ID,2022-04-24 23:29:40,-2.0833,101.3833,64.29,98,99,0.69
530,Muravlenko,RU,2022-04-24 23:29:41,63.7898,74.523,11.26,95,100,3.94
531,Camacha,PT,2022-04-24 23:29:41,33.0833,-16.3333,60.22,82,75,12.66
532,Namanga,KE,2022-04-24 23:29:41,-2.5433,36.7905,64.24,92,86,2.55
533,Karratha,AU,2022-04-24 23:29:42,-20.7377,116.8463,77.59,50,32,3.22
534,Thomaston,US,2022-04-24 23:29:42,32.8882,-84.3266,79.09,52,0,5.75
535,Novikovo,RU,2022-04-24 23:29:43,51.1537,37.8879,49.15,96,62,5.7
536,Adre,TD,2022-04-24 23:29:43,13.4667,22.2,82.02,21,43,6.96
537,Yermakovskoye,RU,2022-04-24 23:29:43,53.2831,92.4003,27.05,74,75,2.73
538,Sao Sebastiao,BR,2022-04-24 23:29:44,-23.76,-45.4097,71.94,90,51,6.51
539,Whitehorse,CA,2022-04-24 23:29:44,60.7161,-135.0538,49.01,56,75,10.36
540,Qandala,SO,2022-04-24 23:29:45,11.472,49.8728,82.67,68,47,7.09
541,Alice Springs,AU,2022-04-24 23:26:17,-23.7,133.8833,62.15,94,100,8.05
542,Kosh-Agach,RU,2022-04-24 23:29:45,50.0,88.6667,16.63,66,3,2.91
543,Guerrero Negro,MX,2022-04-24 23:29:46,27.9769,-114.0611,73.08,41,0,15.77
544,Puerto Cabezas,NI,2022-04-24 23:29:46,14.0351,-83.3888,80.56,83,75,4.61
545,Tautira,PF,2022-04-24 23:29:46,-17.7333,-149.15,80.92,68,32,5.75
546,Fallon,US,2022-04-24 23:29:47,39.4735,-118.7774,65.44,12,0,6.91
547,Santa Vitoria Do Palmar,BR,2022-04-24 23:29:47,-33.5189,-53.3681,64.0,62,3,11.88
548,Lodja,CD,2022-04-24 23:29:48,-3.4833,23.4333,68.61,99,89,1.9
549,Neijiang,CN,2022-04-24 23:29:48,29.5835,105.0622,66.9,66,100,2.98
550,Labuhan,ID,2022-04-24 23:30:49,-6.8844,112.2051,79.7,85,81,6.76
551,Waitati,NZ,2022-04-24 23:30:49,-45.75,170.5667,63.64,54,60,8.05
552,Eureka,US,2022-04-24 23:30:16,40.8021,-124.1637,69.67,72,4,5.99
553,Tabas,IR,2022-04-24 23:30:50,33.5959,56.9244,75.33,26,83,3.49
554,Olafsvik,IS,2022-04-24 23:30:50,64.8945,-23.7142,45.59,75,94,6.55
555,Oroquieta,PH,2022-04-24 23:30:50,8.4858,123.8044,83.53,78,83,0.87
556,Biak,ID,2022-04-24 23:28:43,-0.9131,122.8766,78.76,81,31,0.47
557,Kieta,PG,2022-04-24 23:30:51,-6.2167,155.6333,83.97,73,58,4.07
558,Panguna,PG,2022-04-24 23:30:51,-6.3164,155.4848,78.73,73,57,2.33
559,Puerto Escondido,MX,2022-04-24 23:30:52,15.85,-97.0667,85.03,70,20,9.22
560,Conceicao Do Araguaia,BR,2022-04-24 23:30:52,-8.2578,-49.2647,73.72,94,65,2.57
561,Cap Malheureux,MU,2022-04-24 23:27:34,-19.9842,57.6142,75.47,73,100,8.99
562,Puerto Colombia,CO,2022-04-24 23:30:53,10.9878,-74.9547,82.49,81,42,19.04
563,Hanko,FI,2022-04-24 23:30:53,59.8333,22.95,37.15,85,84,12.82
564,Sola,VU,2022-04-24 23:30:53,-13.8833,167.55,81.34,71,99,4.52
565,Zhigansk,RU,2022-04-24 23:26:21,66.7697,123.3711,10.63,95,82,6.8
566,Mahibadhoo,MV,2022-04-24 23:30:54,3.7833,72.9667,83.88,71,60,6.82
567,Kaitangata,NZ,2022-04-24 23:30:54,-46.2817,169.8464,56.48,74,94,17.4
568,Skibbereen,IE,2022-04-24 23:28:34,51.55,-9.2667,54.1,81,64,12.73
569,Zhanaozen,KZ,2022-04-24 23:30:55,43.3,52.8,60.03,36,79,10.51
